clearVal,sn,districtName,dataDate,issueVal,issueTime,clearDate,issueDate,moveName,clearTime,issueGbn,itemCode
99,22,강원,2021-01-15,178,0:00,2021-01-16,2021-01-16,영동남부,3:00,주의보,PM10
30,50,강원,2021-02-01,82,21:00,2021-02-02,2021-02-01,영서남부,1:00,주의보,PM25
33,83,강원,2021-02-06,78,23:00,2021-02-07,2021-02-06,영동북부,7:00,주의보,PM25
26,74,강원,2021-02-06,84,21:00,2021-02-07,2021-02-06,영서북부,15:00,주의보,PM25
33,90,강원,2021-02-07,79,12:00,2021-02-07,2021-02-07,영서남부,16:00,주의보,PM25
81,137,강원,2021-03-16,224,7:00,2021-03-16,2021-03-16,영동북부,9:00,주의보,PM10
96,170,강원,2021-03-23,248,12:00,2021-03-23,2021-03-23,영동북부,19:00,주의보,PM10
98,177,강원,2021-03-23,153,15:00,2021-03-23,2021-03-23,영서남부,20:00,주의보,PM10
98,176,강원,2021-03-23,160,15:00,2021-03-23,2021-03-23,영서북부,21:00,주의보,PM10
96,171,강원,2021-03-23,304,13:00,2021-03-23,2021-03-23,영동남부,18:00,주의보,PM10
97,615,강원,2021-03-29,127,13:00,2021-03-30,2021-03-29,영동남부,5:00,주의보,PM10
98,607,강원,2021-03-29,141,12:00,2021-03-29,2021-03-29,영동북부,14:00,주의보,PM10
593,267,강원,2021-03-29,244,5:00,2021-03-29,2021-03-29,영동남부,7:00,주의보,PM10
549,265,강원,2021-03-29,391,5:00,2021-03-29,2021-03-29,영서남부,6:00,주의보,PM10
422,264,강원,2021-03-29,368,6:00,2021-03-29,2021-03-29,영서북부,7:00,주의보,PM10
480,266,강원,2021-03-29,454,5:00,2021-03-29,2021-03-29,영동북부,6:00,주의보,PM10
127,324,강원,2021-03-29,593,7:00,2021-03-29,2021-03-29,영동남부,13:00,경보,PM10
148,273,강원,2021-03-29,549,6:00,2021-03-29,2021-03-29,영서남부,22:00,경보,PM10
135,319,강원,2021-03-29,422,7:00,2021-03-29,2021-03-29,영서북부,13:00,경보,PM10
96,1494,강원,2021-03-29,148,22:00,2021-03-30,2021-03-29,영서남부,12:00,주의보,PM10
141,274,강원,2021-03-29,480,6:00,2021-03-29,2021-03-29,영동북부,12:00,경보,PM10
27,370,강원,2021-03-29,92,8:00,2021-03-29,2021-03-29,영동남부,12:00,주의보,PM25
99,614,강원,2021-03-29,135,13:00,2021-03-30,2021-03-29,영서북부,8:00,주의보,PM10
30,325,강원,2021-03-29,100,7:00,2021-03-29,2021-03-29,영서남부,14:00,주의보,PM25
96,1495,강원,2021-03-29,150,0:00,2021-03-30,2021-03-30,영동북부,3:00,주의보,PM10
83,1668,강원,2021-04-16,224,19:00,2021-04-17,2021-04-16,영서북부,16:00,주의보,PM10
62,1678,강원,2021-04-16,198,23:00,2021-04-17,2021-04-16,영동북부,17:00,주의보,PM10
93,1690,강원,2021-04-17,222,13:00,2021-04-17,2021-04-17,영서남부,18:00,주의보,PM10
81,1680,강원,2021-04-17,163,8:00,2021-04-17,2021-04-17,영동남부,20:00,주의보,PM10
32,1878,강원,2021-05-07,92,19:00,2021-05-09,2021-05-07,영서남부,4:00,주의보,PM25
29,1849,강원,2021-05-07,95,18:00,2021-05-09,2021-05-07,영서북부,2:00,주의보,PM25
114,1921,강원,2021-05-07,390,20:00,2021-05-09,2021-05-07,영동북부,1:00,경보,PM10
390,1844,강원,2021-05-07,272,18:00,2021-05-07,2021-05-07,영동북부,20:00,주의보,PM10
124,1814,강원,2021-05-07,420,17:00,2021-05-09,2021-05-07,영서북부,2:00,경보,PM10
386,1786,강원,2021-05-07,256,16:00,2021-05-07,2021-05-07,영서남부,18:00,주의보,PM10
128,2461,강원,2021-05-07,395,22:00,2021-05-09,2021-05-07,영동남부,2:00,경보,PM10
135,1843,강원,2021-05-07,386,18:00,2021-05-09,2021-05-07,영서남부,5:00,경보,PM10
395,1845,강원,2021-05-07,191,18:00,2021-05-07,2021-05-07,영동남부,22:00,주의보,PM10
30,2462,강원,2021-05-07,95,23:00,2021-05-09,2021-05-07,영동남부,3:00,주의보,PM25
32,2463,강원,2021-05-07,80,23:00,2021-05-09,2021-05-07,영동북부,0:00,주의보,PM25
420,1787,강원,2021-05-07,322,16:00,2021-05-07,2021-05-07,영서북부,17:00,주의보,PM10
87,3425,강원,2021-05-09,128,2:00,2021-05-09,2021-05-09,영동남부,4:00,주의보,PM10
95,3423,강원,2021-05-09,124,2:00,2021-05-09,2021-05-09,영서북부,3:00,주의보,PM10
99,3427,강원,2021-05-09,135,5:00,2021-05-09,2021-05-09,영서남부,7:00,주의보,PM10
94,3424,강원,2021-05-09,114,1:00,2021-05-09,2021-05-09,영동북부,2:00,주의보,PM10
83,3473,강원,2021-05-24,204,22:00,2021-05-25,2021-05-24,영서남부,14:00,주의보,PM10
98,3455,강원,2021-05-24,213,21:00,2021-05-25,2021-05-24,영서북부,9:00,주의보,PM10
45,3474,강원,2021-05-24,197,23:00,2021-05-25,2021-05-24,영동북부,2:00,주의보,PM10
81,3475,강원,2021-05-25,182,2:00,2021-05-25,2021-05-25,영동남부,13:00,주의보,PM10
24,3508,강원,2021-11-20,79,13:00,2021-11-22,2021-11-20,영서남부,3:00,주의보,PM25
92,11,경기,2021-01-13,170,23:00,2021-01-14,2021-01-13,북부권,3:00,주의보,PM10
33,37,경기,2021-02-01,84,18:00,2021-02-02,2021-02-01,남부권,1:00,주의보,PM25
34,47,경기,2021-02-01,80,20:00,2021-02-01,2021-02-01,동부권,23:00,주의보,PM25
31,44,경기,2021-02-01,85,19:00,2021-02-02,2021-02-01,중부권,1:00,주의보,PM25
28,71,경기,2021-02-06,77,19:00,2021-02-07,2021-02-06,남부권,19:00,주의보,PM25
34,72,경기,2021-02-06,82,20:00,2021-02-07,2021-02-06,동부권,16:00,주의보,PM25
30,70,경기,2021-02-06,79,18:00,2021-02-07,2021-02-06,북부권,15:00,주의보,PM25
31,84,경기,2021-02-07,82,3:00,2021-02-07,2021-02-07,중부권,17:00,주의보,PM25
28,97,경기,2021-02-11,75,23:00,2021-02-15,2021-02-11,남부권,10:00,주의보,PM25
33,96,경기,2021-02-11,81,22:00,2021-02-15,2021-02-11,중부권,8:00,주의보,PM25
33,105,경기,2021-02-12,79,22:00,2021-02-15,2021-02-12,북부권,10:00,주의보,PM25
25,115,경기,2021-03-10,87,20:00,2021-03-12,2021-03-10,중부권,17:00,주의보,PM25
27,113,경기,2021-03-10,86,20:00,2021-03-12,2021-03-10,북부권,16:00,주의보,PM25
26,118,경기,2021-03-10,82,22:00,2021-03-12,2021-03-10,남부권,18:00,주의보,PM25
98,128,경기,2021-03-11,151,11:00,2021-03-11,2021-03-11,남부권,13:00,주의보,PM10
97,126,경기,2021-03-11,166,9:00,2021-03-11,2021-03-11,중부권,14:00,주의보,PM10
24,120,경기,2021-03-10,79,0:00,2021-03-12,2021-03-11,동부권,16:00,주의보,PM25
29,132,경기,2021-03-14,76,13:00,2021-03-16,2021-03-14,중부권,1:00,주의보,PM25
34,136,경기,2021-03-15,75,11:00,2021-03-16,2021-03-15,남부권,0:00,주의보,PM25
25,135,경기,2021-03-15,81,11:00,2021-03-16,2021-03-15,북부권,1:00,주의보,PM25
99,160,경기,2021-03-16,161,16:00,2021-03-16,2021-03-16,남부권,22:00,주의보,PM10
98,143,경기,2021-03-16,171,11:00,2021-03-17,2021-03-16,중부권,21:00,주의보,PM10
98,139,경기,2021-03-16,189,11:00,2021-03-17,2021-03-16,북부권,3:00,주의보,PM10
34,185,경기,2021-03-26,75,11:00,2021-03-26,2021-03-26,남부권,16:00,주의보,PM25
32,184,경기,2021-03-26,80,11:00,2021-03-26,2021-03-26,동부권,16:00,주의보,PM25
32,180,경기,2021-03-26,87,9:00,2021-03-27,2021-03-26,중부권,11:00,주의보,PM25
29,181,경기,2021-03-26,87,10:00,2021-03-27,2021-03-26,북부권,14:00,주의보,PM25
98,189,경기,2021-03-26,150,22:00,2021-03-27,2021-03-26,중부권,5:00,주의보,PM10
559,279,경기,2021-03-29,463,4:00,2021-03-29,2021-03-29,남부권,5:00,주의보,PM10
32,308,경기,2021-03-29,97,4:00,2021-03-29,2021-03-29,중부권,15:00,주의보,PM25
111,307,경기,2021-03-29,440,4:00,2021-03-30,2021-03-29,중부권,12:00,경보,PM10
126,278,경기,2021-03-29,430,5:00,2021-03-30,2021-03-29,동부권,11:00,경보,PM10
24,250,경기,2021-03-29,88,5:00,2021-03-29,2021-03-29,동부권,13:00,주의보,PM25
134,306,경기,2021-03-29,559,5:00,2021-03-30,2021-03-29,남부권,12:00,경보,PM10
32,251,경기,2021-03-29,110,5:00,2021-03-29,2021-03-29,남부권,14:00,주의보,PM25
440,261,경기,2021-03-29,329,3:00,2021-03-29,2021-03-29,중부권,4:00,주의보,PM10
147,310,경기,2021-03-29,360,5:00,2021-03-30,2021-03-29,북부권,10:00,경보,PM10
430,277,경기,2021-03-29,373,4:00,2021-03-29,2021-03-29,동부권,5:00,주의보,PM10
360,309,경기,2021-03-29,302,4:00,2021-03-29,2021-03-29,북부권,5:00,주의보,PM10
30,248,경기,2021-03-29,87,5:00,2021-03-29,2021-03-29,북부권,14:00,주의보,PM25
84,1617,경기,2021-03-30,134,12:00,2021-03-30,2021-03-30,남부권,14:00,주의보,PM10
89,1618,경기,2021-03-30,111,12:00,2021-03-30,2021-03-30,중부권,13:00,주의보,PM10
95,1569,경기,2021-03-30,147,10:00,2021-03-30,2021-03-30,북부권,11:00,주의보,PM10
93,1591,경기,2021-03-30,126,11:00,2021-03-30,2021-03-30,동부권,12:00,주의보,PM10
97,1670,경기,2021-04-16,196,20:00,2021-04-17,2021-04-16,남부권,3:00,주의보,PM10
97,1662,경기,2021-04-16,306,17:00,2021-04-16,2021-04-16,북부권,21:00,주의보,PM10
88,1669,경기,2021-04-16,346,19:00,2021-04-17,2021-04-16,동부권,1:00,주의보,PM10
99,1665,경기,2021-04-16,227,17:00,2021-04-17,2021-04-16,중부권,3:00,주의보,PM10
91,1696,경기,2021-04-17,179,13:00,2021-04-17,2021-04-17,중부권,18:00,주의보,PM10
88,1687,경기,2021-04-17,224,13:00,2021-04-17,2021-04-17,남부권,17:00,주의보,PM10
74,1695,경기,2021-04-17,187,13:00,2021-04-17,2021-04-17,동부권,17:00,주의보,PM10
564,1743,경기,2021-05-07,383,13:00,2021-05-07,2021-05-07,중부권,14:00,주의보,PM10
157,1748,경기,2021-05-07,134,14:00,2021-05-07,2021-05-07,북부권,16:00,주의보,PM25
104,1745,경기,2021-05-07,505,14:00,2021-05-09,2021-05-07,북부권,1:00,경보,PM10
505,1736,경기,2021-05-07,358,13:00,2021-05-07,2021-05-07,북부권,14:00,주의보,PM10
151,1791,경기,2021-05-07,116,16:00,2021-05-08,2021-05-07,동부권,2:00,주의보,PM25
136,1772,경기,2021-05-07,524,15:00,2021-05-09,2021-05-07,남부권,4:00,경보,PM10
147,1771,경기,2021-05-07,533,15:00,2021-05-09,2021-05-07,동부권,2:00,경보,PM10
74,1795,경기,2021-05-07,163,16:00,2021-05-08,2021-05-07,중부권,13:00,경보,PM25
524,1747,경기,2021-05-07,359,14:00,2021-05-07,2021-05-07,남부권,15:00,주의보,PM10
154,1773,경기,2021-05-07,120,15:00,2021-05-07,2021-05-07,남부권,19:00,주의보,PM25
533,1746,경기,2021-05-07,371,14:00,2021-05-07,2021-05-07,동부권,15:00,주의보,PM10
70,1879,경기,2021-05-07,154,19:00,2021-05-08,2021-05-07,남부권,14:00,경보,PM25
64,1789,경기,2021-05-07,157,16:00,2021-05-08,2021-05-07,북부권,13:00,경보,PM25
163,1754,경기,2021-05-07,132,14:00,2021-05-07,2021-05-07,중부권,16:00,주의보,PM25
132,1752,경기,2021-05-07,564,14:00,2021-05-09,2021-05-07,중부권,2:00,경보,PM10
26,2800,경기,2021-05-08,64,13:00,2021-05-09,2021-05-08,북부권,1:00,주의보,PM25
30,2857,경기,2021-05-08,64,14:00,2021-05-09,2021-05-08,동부권,2:00,주의보,PM25
31,2858,경기,2021-05-08,70,14:00,2021-05-09,2021-05-08,남부권,4:00,주의보,PM25
32,2806,경기,2021-05-08,74,13:00,2021-05-09,2021-05-08,중부권,1:00,주의보,PM25
64,2180,경기,2021-05-08,151,2:00,2021-05-08,2021-05-08,동부권,14:00,경보,PM25
88,3302,경기,2021-05-09,147,2:00,2021-05-09,2021-05-09,동부권,4:00,주의보,PM10
97,3358,경기,2021-05-09,136,4:00,2021-05-09,2021-05-09,남부권,8:00,주의보,PM10
74,3269,경기,2021-05-09,104,1:00,2021-05-09,2021-05-09,북부권,2:00,주의보,PM10
94,3304,경기,2021-05-09,132,2:00,2021-05-09,2021-05-09,중부권,4:00,주의보,PM10
306,3443,경기,2021-05-24,174,17:00,2021-05-24,2021-05-24,동부권,21:00,주의보,PM10
90,3449,경기,2021-05-24,226,18:00,2021-05-25,2021-05-24,남부권,12:00,주의보,PM10
109,3456,경기,2021-05-24,306,21:00,2021-05-25,2021-05-24,동부권,8:00,경보,PM10
98,3444,경기,2021-05-24,248,17:00,2021-05-25,2021-05-24,중부권,12:00,주의보,PM10
84,3440,경기,2021-05-24,182,15:00,2021-05-25,2021-05-24,북부권,8:00,주의보,PM10
96,3477,경기,2021-05-25,109,8:00,2021-05-25,2021-05-25,동부권,9:00,주의보,PM10
30,3493,경기,2021-11-19,89,19:00,2021-11-22,2021-11-19,중부권,0:00,주의보,PM25
19,3490,경기,2021-11-19,86,18:00,2021-11-22,2021-11-19,북부권,0:00,주의보,PM25
59,3504,경기,2021-11-19,150,23:00,2021-11-22,2021-11-19,남부권,1:00,주의보,PM10
90,3503,경기,2021-11-19,152,22:00,2021-11-20,2021-11-19,북부권,5:00,주의보,PM10
26,3494,경기,2021-11-19,85,19:00,2021-11-22,2021-11-19,남부권,2:00,주의보,PM25
26,3497,경기,2021-11-19,86,20:00,2021-11-22,2021-11-19,동부권,1:00,주의보,PM25
44,3500,경기,2021-11-19,162,21:00,2021-11-22,2021-11-19,중부권,0:00,주의보,PM10
31,3532,경기,2021-12-15,79,17:00,2021-12-17,2021-12-15,중부권,2:00,주의보,PM25
26,3531,경기,2021-12-15,86,17:00,2021-12-17,2021-12-15,북부권,2:00,주의보,PM25
31,13,경남,2021-01-15,93,23:00,2021-01-16,2021-01-15,함양권역,11:00,주의보,PM25
31,15,경남,2021-01-16,80,1:00,2021-01-16,2021-01-16,거창권역,5:00,주의보,PM25
95,20,경남,2021-01-16,183,5:00,2021-01-16,2021-01-16,밀양권역,8:00,주의보,PM10
92,23,경남,2021-01-16,167,7:00,2021-01-16,2021-01-16,거제권역,10:00,주의보,PM10
98,21,경남,2021-01-16,156,6:00,2021-01-16,2021-01-16,창원권역,8:00,주의보,PM10
30,54,경남,2021-02-01,89,21:00,2021-02-02,2021-02-01,거창권역,3:00,주의보,PM25
21,32,경남,2021-02-01,88,17:00,2021-02-02,2021-02-01,함양권역,5:00,주의보,PM25
33,53,경남,2021-02-01,77,21:00,2021-02-02,2021-02-01,함안권역,6:00,주의보,PM25
31,57,경남,2021-02-01,80,22:00,2021-02-02,2021-02-01,고성권역,6:00,주의보,PM25
31,60,경남,2021-02-02,80,1:00,2021-02-02,2021-02-02,통영권역,4:00,주의보,PM25
21,61,경남,2021-02-02,75,1:00,2021-02-02,2021-02-02,밀양권역,6:00,주의보,PM25
86,154,경남,2021-03-16,270,13:00,2021-03-16,2021-03-16,하동권역,15:00,주의보,PM10
85,159,경남,2021-03-16,187,14:00,2021-03-16,2021-03-16,함안권역,17:00,주의보,PM10
77,155,경남,2021-03-16,218,13:00,2021-03-16,2021-03-16,합천권역,15:00,주의보,PM10
80,145,경남,2021-03-16,231,12:00,2021-03-16,2021-03-16,함양권역,14:00,주의보,PM10
425,158,경남,2021-03-16,196,14:00,2021-03-16,2021-03-16,남해권역,16:00,주의보,PM10
83,161,경남,2021-03-16,425,16:00,2021-03-16,2021-03-16,남해권역,20:00,경보,PM10
70,153,경남,2021-03-16,204,13:00,2021-03-16,2021-03-16,진주권역,16:00,주의보,PM10
70,157,경남,2021-03-16,190,14:00,2021-03-16,2021-03-16,밀양권역,16:00,주의보,PM10
56,146,경남,2021-03-16,197,12:00,2021-03-16,2021-03-16,거창권역,14:00,주의보,PM10
94,166,경남,2021-03-16,172,18:00,2021-03-16,2021-03-16,고성권역,22:00,주의보,PM10
75,156,경남,2021-03-16,153,13:00,2021-03-16,2021-03-16,산청권역,15:00,주의보,PM10
77,165,경남,2021-03-16,191,18:00,2021-03-17,2021-03-16,통영권역,0:00,주의보,PM10
476,255,경남,2021-03-29,272,6:00,2021-03-29,2021-03-29,창녕권역,9:00,주의보,PM10
149,480,경남,2021-03-29,755,10:00,2021-03-30,2021-03-29,창원권역,4:00,경보,PM10
145,417,경남,2021-03-29,1005,9:00,2021-03-30,2021-03-29,하동권역,2:00,경보,PM10
29,800,경남,2021-03-29,71,16:00,2021-03-30,2021-03-29,함안권역,4:00,주의보,PM25
156,469,경남,2021-03-29,117,10:00,2021-03-29,2021-03-29,사천권역,14:00,주의보,PM25
30,610,경남,2021-03-29,65,12:00,2021-03-29,2021-03-29,거창권역,21:00,주의보,PM25
186,366,경남,2021-03-29,81,8:00,2021-03-29,2021-03-29,고성권역,14:00,주의보,PM25
147,580,경남,2021-03-29,681,11:00,2021-03-30,2021-03-29,김해권역,7:00,경보,PM10
71,860,경남,2021-03-29,154,17:00,2021-03-30,2021-03-29,거제권역,0:00,경보,PM25
173,365,경남,2021-03-29,121,8:00,2021-03-29,2021-03-29,남해권역,11:00,주의보,PM25
142,364,경남,2021-03-29,684,8:00,2021-03-30,2021-03-29,합천권역,0:00,경보,PM10
147,362,경남,2021-03-29,742,8:00,2021-03-30,2021-03-29,남해권역,4:00,경보,PM10
156,468,경남,2021-03-29,136,10:00,2021-03-29,2021-03-29,창원권역,12:00,주의보,PM25
32,1045,경남,2021-03-29,61,20:00,2021-03-30,2021-03-29,사천권역,3:00,주의보,PM25
148,483,경남,2021-03-29,635,10:00,2021-03-30,2021-03-29,사천권역,5:00,경보,PM10
49,539,경남,2021-03-29,173,11:00,2021-03-29,2021-03-29,남해권역,20:00,경보,PM25
61,674,경남,2021-03-29,156,14:00,2021-03-29,2021-03-29,사천권역,20:00,경보,PM25
149,521,경남,2021-03-29,304,10:00,2021-03-30,2021-03-29,고성권역,3:00,경보,PM10
896,202,경남,2021-03-29,275,5:00,2021-03-29,2021-03-29,거창권역,7:00,주의보,PM10
72,740,경남,2021-03-29,180,15:00,2021-03-30,2021-03-29,통영권역,2:00,경보,PM25
144,351,경남,2021-03-29,896,7:00,2021-03-30,2021-03-29,거창권역,0:00,경보,PM10
31,676,경남,2021-03-29,70,14:00,2021-03-29,2021-03-29,함양권역,23:00,주의보,PM25
71,540,경남,2021-03-29,212,11:00,2021-03-29,2021-03-29,함안권역,16:00,경보,PM25
147,486,경남,2021-03-29,679,10:00,2021-03-30,2021-03-29,밀양권역,6:00,경보,PM10
30,470,경남,2021-03-29,108,10:00,2021-03-30,2021-03-29,밀양권역,4:00,주의보,PM25
27,609,경남,2021-03-29,111,12:00,2021-03-30,2021-03-29,양산권역,5:00,주의보,PM25
212,471,경남,2021-03-29,186,10:00,2021-03-29,2021-03-29,함안권역,11:00,주의보,PM25
137,647,경남,2021-03-29,614,12:00,2021-03-30,2021-03-29,거제권역,7:00,경보,PM10
148,583,경남,2021-03-29,793,11:00,2021-03-30,2021-03-29,통영권역,7:00,경보,PM10
31,408,경남,2021-03-29,115,9:00,2021-03-29,2021-03-29,의령권역,18:00,주의보,PM25
134,455,경남,2021-03-29,809,9:00,2021-03-30,2021-03-29,의령권역,1:00,경보,PM10
32,985,경남,2021-03-29,55,19:00,2021-03-30,2021-03-29,진주권역,0:00,주의보,PM25
140,487,경남,2021-03-29,985,10:00,2021-03-30,2021-03-29,함안권역,4:00,경보,PM10
55,548,경남,2021-03-29,177,11:00,2021-03-29,2021-03-29,진주권역,19:00,경보,PM25
742,316,경남,2021-03-29,432,7:00,2021-03-29,2021-03-29,남해권역,8:00,주의보,PM10
130,254,경남,2021-03-29,829,6:00,2021-03-30,2021-03-29,함양권역,1:00,경보,PM10
65,611,경남,2021-03-29,156,12:00,2021-03-30,2021-03-29,창원권역,0:00,경보,PM25
177,482,경남,2021-03-29,159,10:00,2021-03-29,2021-03-29,진주권역,11:00,주의보,PM25
304,363,경남,2021-03-29,186,8:00,2021-03-29,2021-03-29,고성권역,10:00,주의보,PM10
154,608,경남,2021-03-29,114,12:00,2021-03-29,2021-03-29,거제권역,17:00,주의보,PM25
180,538,경남,2021-03-29,132,11:00,2021-03-29,2021-03-29,통영권역,15:00,주의보,PM25
167,257,경남,2021-03-29,94,6:00,2021-03-29,2021-03-29,거창권역,8:00,주의보,PM25
793,361,경남,2021-03-29,198,8:00,2021-03-29,2021-03-29,통영권역,11:00,주의보,PM10
70,472,경남,2021-03-29,172,10:00,2021-03-29,2021-03-29,함양권역,14:00,경보,PM25
31,541,경남,2021-03-29,116,11:00,2021-03-30,2021-03-29,김해권역,4:00,주의보,PM25
144,454,경남,2021-03-29,476,9:00,2021-03-30,2021-03-29,창녕권역,3:00,경보,PM10
146,485,경남,2021-03-29,382,10:00,2021-03-30,2021-03-29,양산권역,6:00,경보,PM10
703,204,경남,2021-03-29,250,5:00,2021-03-29,2021-03-29,산청권역,7:00,주의보,PM10
33,678,경남,2021-03-29,70,14:00,2021-03-29,2021-03-29,산청권역,22:00,주의보,PM25
635,414,경남,2021-03-29,411,9:00,2021-03-29,2021-03-29,사천권역,10:00,주의보,PM10
136,484,경남,2021-03-29,900,10:00,2021-03-30,2021-03-29,진주권역,3:00,경보,PM10
29,474,경남,2021-03-29,114,10:00,2021-03-29,2021-03-29,창녕권역,19:00,주의보,PM25
31,407,경남,2021-03-29,95,9:00,2021-03-30,2021-03-29,하동권역,0:00,주의보,PM25
60,473,경남,2021-03-29,168,10:00,2021-03-29,2021-03-29,합천권역,14:00,경보,PM25
148,317,경남,2021-03-29,703,7:00,2021-03-30,2021-03-29,산청권역,0:00,경보,PM10
32,1046,경남,2021-03-29,49,20:00,2021-03-30,2021-03-29,남해권역,2:00,주의보,PM25
46,675,경남,2021-03-29,186,14:00,2021-03-30,2021-03-29,고성권역,2:00,경보,PM25
684,203,경남,2021-03-29,204,5:00,2021-03-29,2021-03-29,합천권역,8:00,주의보,PM10
32,677,경남,2021-03-29,60,14:00,2021-03-29,2021-03-29,합천권역,17:00,주의보,PM25
681,481,경남,2021-03-29,583,10:00,2021-03-29,2021-03-29,김해권역,11:00,주의보,PM10
172,256,경남,2021-03-29,145,6:00,2021-03-29,2021-03-29,함양권역,10:00,주의보,PM25
205,205,경남,2021-03-29,86,5:00,2021-03-29,2021-03-29,산청권역,8:00,주의보,PM25
70,369,경남,2021-03-29,205,8:00,2021-03-29,2021-03-29,산청권역,14:00,경보,PM25
382,253,경남,2021-03-29,237,6:00,2021-03-29,2021-03-29,양산권역,10:00,주의보,PM10
614,415,경남,2021-03-29,194,9:00,2021-03-29,2021-03-29,거제권역,12:00,주의보,PM10
65,367,경남,2021-03-29,167,8:00,2021-03-29,2021-03-29,거창권역,12:00,경보,PM25
168,368,경남,2021-03-29,142,8:00,2021-03-29,2021-03-29,합천권역,10:00,주의보,PM25
99,1429,경남,2021-03-30,148,5:00,2021-03-31,2021-03-30,사천권역,0:00,주의보,PM10
95,1349,경남,2021-03-30,144,3:00,2021-03-30,2021-03-30,창녕권역,6:00,주의보,PM10
97,1347,경남,2021-03-30,149,3:00,2021-03-30,2021-03-30,고성권역,6:00,주의보,PM10
89,1589,경남,2021-03-30,134,1:00,2021-03-30,2021-03-30,의령권역,3:00,주의보,PM10
88,1464,경남,2021-03-30,147,6:00,2021-03-30,2021-03-30,밀양권역,12:00,주의보,PM10
93,1341,경남,2021-03-30,147,7:00,2021-03-30,2021-03-30,김해권역,13:00,주의보,PM10
26,1320,경남,2021-03-30,46,2:00,2021-03-30,2021-03-30,고성권역,4:00,주의보,PM25
96,1592,경남,2021-03-30,152,11:00,2021-03-30,2021-03-30,고성권역,22:00,주의보,PM10
29,1319,경남,2021-03-30,72,2:00,2021-03-30,2021-03-30,통영권역,6:00,주의보,PM25
98,1274,경남,2021-03-30,130,1:00,2021-03-30,2021-03-30,함양권역,11:00,주의보,PM10
96,1615,경남,2021-03-30,161,12:00,2021-03-30,2021-03-30,남해권역,22:00,주의보,PM10
93,1463,경남,2021-03-30,146,6:00,2021-03-30,2021-03-30,양산권역,12:00,주의보,PM10
88,1392,경남,2021-03-30,147,4:00,2021-03-30,2021-03-30,남해권역,7:00,주의보,PM10
77,1393,경남,2021-03-30,140,4:00,2021-03-30,2021-03-30,함안권역,13:00,주의보,PM10
90,1482,경남,2021-03-30,137,7:00,2021-03-30,2021-03-30,거제권역,15:00,주의보,PM10
98,1302,경남,2021-03-30,145,2:00,2021-03-31,2021-03-30,하동권역,1:00,주의보,PM10
96,1358,경남,2021-03-30,136,3:00,2021-03-30,2021-03-30,진주권역,16:00,주의보,PM10
96,1484,경남,2021-03-30,148,7:00,2021-03-31,2021-03-30,통영권역,1:00,주의보,PM10
81,1395,경남,2021-03-30,149,4:00,2021-03-30,2021-03-30,창원권역,12:00,주의보,PM10
22,1272,경남,2021-03-29,71,0:00,2021-03-30,2021-03-30,거제권역,6:00,주의보,PM25
99,1269,경남,2021-03-29,142,0:00,2021-03-30,2021-03-30,합천권역,6:00,주의보,PM10
99,1271,경남,2021-03-29,148,0:00,2021-03-30,2021-03-30,산청권역,3:00,주의보,PM10
34,1273,경남,2021-03-29,65,0:00,2021-03-30,2021-03-30,창원권역,2:00,주의보,PM25
53,1590,경남,2021-03-29,144,0:00,2021-03-30,2021-03-30,거창권역,11:00,주의보,PM10
55,1689,경남,2021-04-17,163,13:00,2021-04-17,2021-04-17,거창권역,17:00,주의보,PM10
48,1711,경남,2021-04-17,228,15:00,2021-04-17,2021-04-17,고성권역,18:00,주의보,PM10
52,1712,경남,2021-04-17,200,15:00,2021-04-17,2021-04-17,함양권역,17:00,주의보,PM10
85,1718,경남,2021-04-17,210,16:00,2021-04-17,2021-04-17,밀양권역,18:00,주의보,PM10
76,1715,경남,2021-04-17,179,15:00,2021-04-17,2021-04-17,하동권역,17:00,주의보,PM10
78,1704,경남,2021-04-17,221,14:00,2021-04-17,2021-04-17,의령권역,18:00,주의보,PM10
56,1717,경남,2021-04-17,155,16:00,2021-04-17,2021-04-17,사천권역,18:00,주의보,PM10
48,1716,경남,2021-04-17,210,15:00,2021-04-17,2021-04-17,통영권역,18:00,주의보,PM10
60,1719,경남,2021-04-17,160,16:00,2021-04-17,2021-04-17,함안권역,18:00,주의보,PM10
65,1688,경남,2021-04-17,202,13:00,2021-04-17,2021-04-17,남해권역,17:00,주의보,PM10
91,1969,경남,2021-05-07,229,21:00,2021-05-09,2021-05-07,밀양권역,7:00,주의보,PM10
145,2065,경남,2021-05-07,310,23:00,2021-05-09,2021-05-07,합천권역,4:00,경보,PM10
34,2066,경남,2021-05-07,79,23:00,2021-05-09,2021-05-07,남해권역,7:00,주의보,PM25
147,1968,경남,2021-05-07,334,21:00,2021-05-09,2021-05-07,하동권역,6:00,경보,PM10
329,1974,경남,2021-05-07,224,21:00,2021-05-08,2021-05-07,진주권역,11:00,주의보,PM10
139,2014,경남,2021-05-07,428,22:00,2021-05-08,2021-05-07,함양권역,12:00,경보,PM10
353,1886,경남,2021-05-07,251,19:00,2021-05-08,2021-05-07,산청권역,4:00,주의보,PM10
98,1971,경남,2021-05-07,171,21:00,2021-05-08,2021-05-07,함안권역,3:00,주의보,PM10
334,1925,경남,2021-05-07,305,20:00,2021-05-07,2021-05-07,하동권역,21:00,주의보,PM10
157,1929,경남,2021-05-07,94,20:00,2021-05-08,2021-05-07,함양권역,0:00,주의보,PM25
390,1970,경남,2021-05-07,252,21:00,2021-05-08,2021-05-07,고성권역,10:00,주의보,PM10
428,1846,경남,2021-05-07,247,18:00,2021-05-07,2021-05-07,함양권역,22:00,주의보,PM10
91,1928,경남,2021-05-07,225,20:00,2021-05-09,2021-05-07,의령권역,7:00,주의보,PM10
88,2061,경남,2021-05-07,156,23:00,2021-05-09,2021-05-07,김해권역,9:00,주의보,PM10
95,1847,경남,2021-05-07,255,18:00,2021-05-09,2021-05-07,거창권역,5:00,주의보,PM10
310,1927,경남,2021-05-07,246,20:00,2021-05-07,2021-05-07,합천권역,23:00,주의보,PM10
364,1967,경남,2021-05-07,260,21:00,2021-05-08,2021-05-07,사천권역,10:00,주의보,PM10
325,2013,경남,2021-05-07,273,22:00,2021-05-08,2021-05-07,통영권역,1:00,주의보,PM10
127,2064,경남,2021-05-07,339,23:00,2021-05-09,2021-05-07,남해권역,6:00,경보,PM10
29,1973,경남,2021-05-07,86,21:00,2021-05-08,2021-05-07,거창권역,14:00,주의보,PM25
95,1972,경남,2021-05-07,211,21:00,2021-05-09,2021-05-07,창녕권역,7:00,주의보,PM10
24,2015,경남,2021-05-07,95,22:00,2021-05-09,2021-05-07,고성권역,6:00,주의보,PM25
339,1926,경남,2021-05-07,331,20:00,2021-05-07,2021-05-07,남해권역,23:00,주의보,PM10
306,2062,경남,2021-05-07,232,23:00,2021-05-08,2021-05-07,거제권역,10:00,주의보,PM10
90,2063,경남,2021-05-07,159,23:00,2021-05-09,2021-05-07,양산권역,7:00,주의보,PM10
34,2629,경남,2021-05-08,81,10:00,2021-05-09,2021-05-08,진주권역,5:00,주의보,PM25
139,2624,경남,2021-05-08,390,10:00,2021-05-09,2021-05-08,고성권역,2:00,경보,PM10
97,2625,경남,2021-05-08,185,10:00,2021-05-09,2021-05-08,함안권역,9:00,주의보,PM10
148,2296,경남,2021-05-08,353,4:00,2021-05-08,2021-05-08,산청권역,18:00,경보,PM10
33,2125,경남,2021-05-08,103,1:00,2021-05-09,2021-05-08,하동권역,5:00,주의보,PM25
95,2627,경남,2021-05-08,186,10:00,2021-05-09,2021-05-08,창원권역,8:00,주의보,PM10
34,2124,경남,2021-05-08,86,1:00,2021-05-09,2021-05-08,통영권역,5:00,주의보,PM25
32,2685,경남,2021-05-08,78,11:00,2021-05-09,2021-05-08,사천권역,6:00,주의보,PM25
141,2622,경남,2021-05-08,364,10:00,2021-05-09,2021-05-08,사천권역,5:00,경보,PM10
138,2123,경남,2021-05-08,325,1:00,2021-05-09,2021-05-08,통영권역,5:00,경보,PM10
81,3026,경남,2021-05-08,148,18:00,2021-05-09,2021-05-08,산청권역,10:00,주의보,PM10
131,2623,경남,2021-05-08,306,10:00,2021-05-09,2021-05-08,거제권역,6:00,경보,PM10
89,2745,경남,2021-05-08,139,12:00,2021-05-09,2021-05-08,함양권역,7:00,주의보,PM10
138,2686,경남,2021-05-08,329,11:00,2021-05-09,2021-05-08,진주권역,4:00,경보,PM10
31,2626,경남,2021-05-08,79,10:00,2021-05-09,2021-05-08,거제권역,7:00,주의보,PM25
29,2116,경남,2021-05-07,157,0:00,2021-05-08,2021-05-08,함양권역,12:00,경보,PM25
87,3386,경남,2021-05-09,138,5:00,2021-05-09,2021-05-09,통영권역,7:00,주의보,PM10
64,3359,경남,2021-05-09,145,4:00,2021-05-09,2021-05-09,합천권역,10:00,주의보,PM10
90,3409,경남,2021-05-09,147,6:00,2021-05-09,2021-05-09,하동권역,11:00,주의보,PM10
83,3360,경남,2021-05-09,138,4:00,2021-05-09,2021-05-09,진주권역,9:00,주의보,PM10
79,3410,경남,2021-05-09,127,6:00,2021-05-09,2021-05-09,남해권역,12:00,주의보,PM10
96,3385,경남,2021-05-09,141,5:00,2021-05-09,2021-05-09,사천권역,7:00,주의보,PM10
79,3303,경남,2021-05-09,139,2:00,2021-05-09,2021-05-09,고성권역,6:00,주의보,PM10
89,3408,경남,2021-05-09,131,6:00,2021-05-09,2021-05-09,거제권역,9:00,주의보,PM10
94,3481,경남,2021-05-25,154,11:00,2021-05-25,2021-05-25,고성권역,14:00,주의보,PM10
90,3484,경남,2021-05-25,152,12:00,2021-05-25,2021-05-25,사천권역,14:00,주의보,PM10
62,3478,경남,2021-05-25,174,8:00,2021-05-25,2021-05-25,남해권역,15:00,주의보,PM10
66,3479,경남,2021-05-25,180,10:00,2021-05-25,2021-05-25,통영권역,15:00,주의보,PM10
72,3483,경남,2021-05-25,161,11:00,2021-05-25,2021-05-25,하동권역,14:00,주의보,PM10
99,19,경북,2021-01-16,192,4:00,2021-01-16,2021-01-16,동부권역,7:00,주의보,PM10
97,16,경북,2021-01-16,165,1:00,2021-01-16,2021-01-16,서부권역,13:00,주의보,PM10
28,59,경북,2021-02-01,88,23:00,2021-02-02,2021-02-01,서부권역,4:00,주의보,PM25
34,92,경북,2021-02-07,78,12:00,2021-02-07,2021-02-07,서부권역,20:00,주의보,PM25
90,152,경북,2021-03-16,210,13:00,2021-03-16,2021-03-16,동부권역,15:00,주의보,PM10
71,144,경북,2021-03-16,199,11:00,2021-03-16,2021-03-16,서부권역,13:00,주의보,PM10
97,169,경북,2021-03-17,161,10:00,2021-03-17,2021-03-17,울릉권역,21:00,주의보,PM10
91,178,경북,2021-03-23,158,18:00,2021-03-23,2021-03-23,울릉권역,22:00,주의보,PM10
95,173,경북,2021-03-23,234,13:00,2021-03-23,2021-03-23,동부권역,20:00,주의보,PM10
619,349,경북,2021-03-29,287,7:00,2021-03-29,2021-03-29,동부권역,9:00,주의보,PM10
94,1546,경북,2021-03-29,139,23:00,2021-03-30,2021-03-29,울릉권역,6:00,주의보,PM10
555,359,경북,2021-03-29,249,8:00,2021-03-29,2021-03-29,울릉권역,9:00,주의보,PM10
139,419,경북,2021-03-29,555,9:00,2021-03-29,2021-03-29,울릉권역,23:00,경보,PM10
32,679,경북,2021-03-29,63,14:00,2021-03-30,2021-03-29,동부권역,1:00,주의보,PM25
25,466,경북,2021-03-29,86,10:00,2021-03-29,2021-03-29,울릉권역,23:00,주의보,PM25
63,547,경북,2021-03-29,157,11:00,2021-03-29,2021-03-29,동부권역,14:00,경보,PM25
145,418,경북,2021-03-29,619,9:00,2021-03-30,2021-03-29,동부권역,3:00,경보,PM10
602,358,경북,2021-03-29,286,6:00,2021-03-29,2021-03-29,서부권역,8:00,주의보,PM10
157,416,경북,2021-03-29,126,9:00,2021-03-29,2021-03-29,동부권역,11:00,주의보,PM25
148,412,경북,2021-03-29,602,8:00,2021-03-30,2021-03-29,서부권역,2:00,경보,PM10
33,360,경북,2021-03-29,118,8:00,2021-03-29,2021-03-29,서부권역,22:00,주의보,PM25
87,1544,경북,2021-03-30,145,3:00,2021-03-30,2021-03-30,동부권역,13:00,주의보,PM10
94,1545,경북,2021-03-30,148,2:00,2021-03-30,2021-03-30,서부권역,11:00,주의보,PM10
73,1683,경북,2021-04-17,194,12:00,2021-04-17,2021-04-17,동부권역,21:00,주의보,PM10
97,1681,경북,2021-04-17,189,7:00,2021-04-17,2021-04-17,울릉권역,14:00,주의보,PM10
65,1686,경북,2021-04-17,250,13:00,2021-04-17,2021-04-17,서부권역,19:00,주의보,PM10
94,1730,경북,2021-04-28,158,14:00,2021-04-28,2021-04-28,서부권역,22:00,주의보,PM10
300,1975,경북,2021-05-07,223,21:00,2021-05-08,2021-05-07,동부권역,10:00,주의보,PM10
337,1854,경북,2021-05-07,251,18:00,2021-05-07,2021-05-07,서부권역,23:00,주의보,PM10
307,2069,경북,2021-05-07,200,23:00,2021-05-08,2021-05-07,울릉권역,2:00,주의보,PM10
130,2068,경북,2021-05-07,337,23:00,2021-05-09,2021-05-07,서부권역,6:00,경보,PM10
33,2018,경북,2021-05-07,90,22:00,2021-05-09,2021-05-07,서부권역,7:00,주의보,PM25
26,2351,경북,2021-05-08,77,5:00,2021-05-09,2021-05-08,울릉권역,4:00,주의보,PM25
34,2570,경북,2021-05-08,77,2:00,2021-05-08,2021-05-08,동부권역,14:00,주의보,PM25
140,2208,경북,2021-05-08,307,2:00,2021-05-08,2021-05-08,울릉권역,16:00,경보,PM10
89,3110,경북,2021-05-08,140,16:00,2021-05-09,2021-05-08,울릉권역,6:00,주의보,PM10
96,2805,경북,2021-05-08,138,13:00,2021-05-09,2021-05-08,동부권역,9:00,주의보,PM10
138,2628,경북,2021-05-08,300,10:00,2021-05-08,2021-05-08,동부권역,13:00,경보,PM10
95,3436,경북,2021-05-09,130,6:00,2021-05-09,2021-05-09,서부권역,9:00,주의보,PM10
92,3480,경북,2021-05-25,176,10:00,2021-05-25,2021-05-25,동부권역,15:00,주의보,PM10
63,3486,경북,2021-05-25,182,14:00,2021-05-25,2021-05-25,울릉권역,15:00,주의보,PM10
30,30,광주,2021-02-01,84,16:00,2021-02-02,2021-02-01,광주권역,3:00,주의보,PM25
23,86,광주,2021-02-07,80,12:00,2021-02-07,2021-02-07,광주권역,23:00,주의보,PM25
149,1660,광주,2021-03-29,551,8:00,2021-03-30,2021-03-29,광주권역,14:00,경보,PM10
34,312,광주,2021-03-29,88,7:00,2021-03-30,2021-03-29,광주권역,13:00,주의보,PM25
551,1659,광주,2021-03-29,401,7:00,2021-03-29,2021-03-29,광주권역,8:00,주의보,PM10
91,311,광주,2021-03-29,149,14:00,2021-03-30,2021-03-30,광주권역,18:00,주의보,PM10
75,1700,광주,2021-04-17,218,14:00,2021-04-17,2021-04-17,광주권역,16:00,주의보,PM10
88,1733,광주,2021-04-28,174,20:00,2021-04-29,2021-04-28,광주권역,13:00,주의보,PM10
158,1842,광주,2021-05-07,99,18:00,2021-05-07,2021-05-07,광주권역,21:00,주의보,PM25
345,1813,광주,2021-05-07,417,17:00,2021-05-07,2021-05-07,광주권역,18:00,주의보,PM10
56,1966,광주,2021-05-07,158,21:00,2021-05-08,2021-05-07,광주권역,15:00,경보,PM25
144,1841,광주,2021-05-07,345,18:00,2021-05-09,2021-05-07,광주권역,6:00,경보,PM10
34,2903,광주,2021-05-08,56,15:00,2021-05-09,2021-05-08,광주권역,11:00,주의보,PM25
98,3406,광주,2021-05-09,144,6:00,2021-05-09,2021-05-09,광주권역,11:00,주의보,PM10
67,3463,광주,2021-05-25,186,1:00,2021-05-25,2021-05-25,광주권역,13:00,주의보,PM10
7,3518,광주,2021-11-20,75,23:00,2021-11-22,2021-11-20,광주권역,4:00,주의보,PM25
97,18,대구,2021-01-16,168,3:00,2021-01-16,2021-01-16,대구권역,6:00,주의보,PM10
34,67,대구,2021-02-01,76,0:00,2021-02-02,2021-02-02,대구권역,3:00,주의보,PM25
74,150,대구,2021-03-16,203,12:00,2021-03-16,2021-03-16,대구권역,13:00,주의보,PM10
90,172,대구,2021-03-23,191,13:00,2021-03-23,2021-03-23,대구권역,18:00,주의보,PM10
815,373,대구,2021-03-29,444,8:00,2021-03-29,2021-03-29,대구권역,9:00,주의보,PM10
65,738,대구,2021-03-29,170,11:00,2021-03-29,2021-03-29,대구권역,13:00,경보,PM25
28,739,대구,2021-03-29,65,13:00,2021-03-30,2021-03-29,대구권역,0:00,주의보,PM25
170,442,대구,2021-03-29,128,9:00,2021-03-29,2021-03-29,대구권역,11:00,주의보,PM25
148,444,대구,2021-03-29,815,9:00,2021-03-30,2021-03-29,대구권역,2:00,경보,PM10
88,1493,대구,2021-03-30,148,2:00,2021-03-30,2021-03-30,대구권역,11:00,주의보,PM10
97,1675,대구,2021-04-17,156,5:00,2021-04-17,2021-04-17,대구권역,18:00,주의보,PM10
91,1932,대구,2021-05-07,163,20:00,2021-05-09,2021-05-07,대구권역,8:00,주의보,PM10
34,2687,대구,2021-05-08,78,11:00,2021-05-09,2021-05-08,대구권역,6:00,주의보,PM25
34,3521,대구,2021-11-21,82,11:00,2021-11-22,2021-11-21,대구권역,3:00,주의보,PM25
98,26,대전,2021-01-16,150,8:00,2021-01-16,2021-01-16,서부권역,11:00,주의보,PM10
27,35,대전,2021-02-01,86,18:00,2021-02-02,2021-02-01,동부권역,1:00,주의보,PM25
30,36,대전,2021-02-01,91,18:00,2021-02-02,2021-02-01,서부권역,2:00,주의보,PM25
83,48,대전,2021-02-01,155,20:00,2021-02-02,2021-02-01,동부권역,1:00,주의보,PM10
593,208,대전,2021-03-29,450,5:00,2021-03-29,2021-03-29,동부권역,6:00,주의보,PM10
28,314,대전,2021-03-29,94,7:00,2021-03-29,2021-03-29,서부권역,18:00,주의보,PM25
29,313,대전,2021-03-29,88,7:00,2021-03-29,2021-03-29,동부권역,18:00,주의보,PM25
362,1164,대전,2021-03-29,146,22:00,2021-03-30,2021-03-29,서부권역,5:00,주의보,PM10
149,262,대전,2021-03-29,593,6:00,2021-03-30,2021-03-29,동부권역,12:00,경보,PM10
146,263,대전,2021-03-29,596,6:00,2021-03-29,2021-03-29,서부권역,22:00,경보,PM10
596,209,대전,2021-03-29,447,5:00,2021-03-29,2021-03-29,서부권역,6:00,주의보,PM10
95,1619,대전,2021-03-30,149,12:00,2021-03-30,2021-03-30,동부권역,14:00,주의보,PM10
91,1620,대전,2021-03-30,104,12:00,2021-03-30,2021-03-30,서부권역,13:00,주의보,PM10
104,1430,대전,2021-03-30,362,5:00,2021-03-30,2021-03-30,서부권역,12:00,경보,PM10
73,1703,대전,2021-04-17,251,14:00,2021-04-17,2021-04-17,동부권역,17:00,주의보,PM10
68,1706,대전,2021-04-17,234,14:00,2021-04-17,2021-04-17,서부권역,17:00,주의보,PM10
93,1726,대전,2021-04-28,163,13:00,2021-04-29,2021-04-28,동부권역,0:00,주의보,PM10
500,1790,대전,2021-05-07,214,16:00,2021-05-07,2021-05-07,서부권역,19:00,주의보,PM10
159,1884,대전,2021-05-07,91,19:00,2021-05-08,2021-05-07,서부권역,1:00,주의보,PM25
147,1882,대전,2021-05-07,500,19:00,2021-05-09,2021-05-07,서부권역,7:00,경보,PM10
144,1880,대전,2021-05-07,490,19:00,2021-05-09,2021-05-07,동부권역,8:00,경보,PM10
490,1788,대전,2021-05-07,207,16:00,2021-05-07,2021-05-07,동부권역,19:00,주의보,PM10
32,1922,대전,2021-05-07,92,20:00,2021-05-09,2021-05-07,동부권역,7:00,주의보,PM25
34,2744,대전,2021-05-08,68,12:00,2021-05-09,2021-05-08,서부권역,7:00,주의보,PM25
68,2127,대전,2021-05-08,159,1:00,2021-05-08,2021-05-08,서부권역,12:00,경보,PM25
74,3432,대전,2021-05-09,144,8:00,2021-05-09,2021-05-09,동부권역,11:00,주의보,PM10
79,3426,대전,2021-05-09,147,7:00,2021-05-09,2021-05-09,서부권역,11:00,주의보,PM10
74,3459,대전,2021-05-24,183,22:00,2021-05-25,2021-05-24,동부권역,15:00,주의보,PM10
84,3460,대전,2021-05-24,194,22:00,2021-05-25,2021-05-24,서부권역,14:00,주의보,PM10
27,3537,대전,2021-12-16,76,13:00,2021-12-17,2021-12-16,동부권역,5:00,주의보,PM25
26,3538,대전,2021-12-16,77,13:00,2021-12-17,2021-12-16,서부권역,5:00,주의보,PM25
89,3,부산,2021-01-13,161,13:00,2021-01-13,2021-01-13,중부권역,20:00,주의보,PM10
96,2,부산,2021-01-13,167,12:00,2021-01-13,2021-01-13,남부권역,19:00,주의보,PM10
92,1,부산,2021-01-13,160,12:00,2021-01-13,2021-01-13,동부권역,20:00,주의보,PM10
93,25,부산,2021-01-16,152,8:00,2021-01-16,2021-01-16,서부권역,10:00,주의보,PM10
87,24,부산,2021-01-16,154,8:00,2021-01-16,2021-01-16,남부권역,9:00,주의보,PM10
33,63,부산,2021-02-02,79,1:00,2021-02-02,2021-02-02,동부권역,8:00,주의보,PM25
34,66,부산,2021-02-02,77,2:00,2021-02-02,2021-02-02,남부권역,6:00,주의보,PM25
32,62,부산,2021-02-02,80,1:00,2021-02-02,2021-02-02,서부권역,8:00,주의보,PM25
30,64,부산,2021-02-02,79,1:00,2021-02-02,2021-02-02,중부권역,8:00,주의보,PM25
91,175,부산,2021-03-23,185,14:00,2021-03-23,2021-03-23,동부권역,20:00,주의보,PM10
133,637,부산,2021-03-29,645,12:00,2021-03-30,2021-03-29,남부권역,12:00,경보,PM10
155,475,부산,2021-03-29,80,10:00,2021-03-29,2021-03-29,중부권역,18:00,주의보,PM25
150,477,부산,2021-03-29,85,10:00,2021-03-29,2021-03-29,동부권역,17:00,주의보,PM25
144,543,부산,2021-03-29,392,11:00,2021-03-30,2021-03-29,동부권역,9:00,경보,PM10
645,478,부산,2021-03-29,229,10:00,2021-03-29,2021-03-29,남부권역,12:00,주의보,PM10
392,371,부산,2021-03-29,183,8:00,2021-03-29,2021-03-29,동부권역,11:00,주의보,PM10
141,1649,부산,2021-03-29,665,12:00,2021-03-30,2021-03-29,서부권역,12:00,경보,PM10
541,476,부산,2021-03-29,291,10:00,2021-03-29,2021-03-29,중부권역,12:00,주의보,PM10
665,544,부산,2021-03-29,515,11:00,2021-03-29,2021-03-29,서부권역,12:00,주의보,PM10
162,542,부산,2021-03-29,113,11:00,2021-03-29,2021-03-29,서부권역,15:00,주의보,PM25
147,602,부산,2021-03-29,541,12:00,2021-03-30,2021-03-29,중부권역,10:00,경보,PM10
59,1641,부산,2021-03-29,155,18:00,2021-03-30,2021-03-29,중부권역,2:00,경보,PM25
59,1644,부산,2021-03-29,168,17:00,2021-03-30,2021-03-29,남부권역,2:00,경보,PM25
60,1639,부산,2021-03-29,162,15:00,2021-03-30,2021-03-29,서부권역,2:00,경보,PM25
71,1642,부산,2021-03-29,150,17:00,2021-03-30,2021-03-29,동부권역,2:00,경보,PM25
168,479,부산,2021-03-29,78,10:00,2021-03-29,2021-03-29,남부권역,17:00,주의보,PM25
76,1651,부산,2021-03-30,147,10:00,2021-03-30,2021-03-30,중부권역,14:00,주의보,PM10
89,1652,부산,2021-03-30,144,9:00,2021-03-30,2021-03-30,동부권역,13:00,주의보,PM10
34,1645,부산,2021-03-30,59,2:00,2021-03-30,2021-03-30,남부권역,7:00,주의보,PM25
31,1643,부산,2021-03-30,71,2:00,2021-03-30,2021-03-30,동부권역,9:00,주의보,PM25
96,1653,부산,2021-03-30,133,12:00,2021-03-30,2021-03-30,남부권역,14:00,주의보,PM10
34,1640,부산,2021-03-30,60,2:00,2021-03-30,2021-03-30,서부권역,6:00,주의보,PM25
34,1316,부산,2021-03-30,59,2:00,2021-03-30,2021-03-30,중부권역,7:00,주의보,PM25
79,1656,부산,2021-03-30,153,16:00,2021-03-30,2021-03-30,동부권역,20:00,주의보,PM10
90,1650,부산,2021-03-30,141,12:00,2021-03-30,2021-03-30,서부권역,14:00,주의보,PM10
59,1722,부산,2021-04-17,153,18:00,2021-04-17,2021-04-17,서부권역,20:00,주의보,PM10
79,1724,부산,2021-04-17,152,18:00,2021-04-17,2021-04-17,중부권역,20:00,주의보,PM10
73,1723,부산,2021-04-17,157,18:00,2021-04-17,2021-04-17,남부권역,20:00,주의보,PM10
30,2804,부산,2021-05-08,98,13:00,2021-05-09,2021-05-08,남부권역,9:00,주의보,PM25
27,3069,부산,2021-05-08,80,19:00,2021-05-09,2021-05-08,동부권역,8:00,주의보,PM25
32,2802,부산,2021-05-08,86,13:00,2021-05-09,2021-05-08,서부권역,9:00,주의보,PM25
131,2803,부산,2021-05-08,326,13:00,2021-05-09,2021-05-08,남부권역,8:00,경보,PM10
326,2126,부산,2021-05-08,152,1:00,2021-05-08,2021-05-08,남부권역,13:00,주의보,PM10
91,2516,부산,2021-05-08,164,8:00,2021-05-09,2021-05-08,중부권역,9:00,주의보,PM10
82,2118,부산,2021-05-07,169,0:00,2021-05-09,2021-05-08,서부권역,10:00,주의보,PM10
89,2117,부산,2021-05-07,162,0:00,2021-05-09,2021-05-08,동부권역,8:00,주의보,PM10
81,3431,부산,2021-05-09,131,8:00,2021-05-09,2021-05-09,남부권역,10:00,주의보,PM10
63,3485,부산,2021-05-25,170,13:00,2021-05-25,2021-05-25,남부권역,17:00,주의보,PM10
89,3488,부산,2021-05-25,155,14:00,2021-05-25,2021-05-25,서부권역,16:00,주의보,PM10
80,3487,부산,2021-05-25,151,14:00,2021-05-25,2021-05-25,중부권역,16:00,주의보,PM10
84,6,서울,2021-01-13,174,0:00,2021-01-14,2021-01-14,서울권역,3:00,주의보,PM10
32,49,서울,2021-02-01,77,20:00,2021-02-01,2021-02-01,서울권역,23:00,주의보,PM25
22,73,서울,2021-02-06,75,20:00,2021-02-07,2021-02-06,서울권역,16:00,주의보,PM25
26,104,서울,2021-02-12,83,21:00,2021-02-15,2021-02-12,서울권역,9:00,주의보,PM25
33,112,서울,2021-03-10,96,20:00,2021-03-12,2021-03-10,서울권역,15:00,주의보,PM25
31,134,서울,2021-03-15,76,11:00,2021-03-16,2021-03-15,서울권역,0:00,주의보,PM25
32,179,서울,2021-03-26,79,7:00,2021-03-27,2021-03-26,서울권역,12:00,주의보,PM25
32,242,서울,2021-03-29,99,5:00,2021-03-29,2021-03-29,서울권역,12:00,주의보,PM25
113,241,서울,2021-03-29,427,5:00,2021-03-30,2021-03-29,서울권역,11:00,경보,PM10
427,1637,서울,2021-03-29,366,4:00,2021-03-29,2021-03-29,서울권역,5:00,주의보,PM10
82,1593,서울,2021-03-30,113,11:00,2021-03-30,2021-03-30,서울권역,12:00,주의보,PM10
93,1667,서울,2021-04-16,324,18:00,2021-04-16,2021-04-16,서울권역,20:00,주의보,PM10
162,1769,서울,2021-05-07,127,15:00,2021-05-08,2021-05-07,서울권역,0:00,주의보,PM25
525,1735,서울,2021-05-07,321,13:00,2021-05-07,2021-05-07,서울권역,14:00,주의보,PM10
135,1753,서울,2021-05-07,525,14:00,2021-05-09,2021-05-07,서울권역,1:00,경보,PM10
30,2746,서울,2021-05-08,70,12:00,2021-05-09,2021-05-08,서울권역,1:00,주의보,PM25
70,2122,서울,2021-05-07,162,0:00,2021-05-08,2021-05-08,서울권역,12:00,경보,PM25
74,3405,서울,2021-05-09,135,1:00,2021-05-09,2021-05-09,서울권역,2:00,주의보,PM10
84,3442,서울,2021-05-24,174,16:00,2021-05-25,2021-05-24,서울권역,8:00,주의보,PM10
29,3499,서울,2021-11-19,172,21:00,2021-11-22,2021-11-19,서울권역,0:00,주의보,PM10
21,3495,서울,2021-11-19,96,19:00,2021-11-22,2021-11-19,서울권역,0:00,주의보,PM25
24,3527,서울,2021-12-15,85,16:00,2021-12-17,2021-12-15,서울권역,2:00,주의보,PM25
28,34,세종,2021-02-01,94,17:00,2021-02-02,2021-02-01,세종권역,2:00,주의보,PM25
89,43,세종,2021-02-01,153,19:00,2021-02-02,2021-02-01,세종권역,1:00,주의보,PM10
34,87,세종,2021-02-07,87,12:00,2021-02-07,2021-02-07,세종권역,17:00,주의보,PM25
33,106,세종,2021-02-13,82,12:00,2021-02-13,2021-02-13,세종권역,17:00,주의보,PM25
26,121,세종,2021-03-11,77,4:00,2021-03-12,2021-03-11,세종권역,11:00,주의보,PM25
89,597,세종,2021-03-29,524,6:00,2021-03-30,2021-03-29,세종권역,14:00,경보,PM10
32,549,세종,2021-03-29,77,11:00,2021-03-29,2021-03-29,세종권역,15:00,주의보,PM25
524,235,세종,2021-03-29,358,5:00,2021-03-29,2021-03-29,세종권역,6:00,주의보,PM10
80,1707,세종,2021-04-17,212,14:00,2021-04-17,2021-04-17,세종권역,17:00,주의보,PM10
32,1881,세종,2021-05-07,84,19:00,2021-05-08,2021-05-07,세종권역,20:00,주의보,PM25
97,1851,세종,2021-05-07,510,18:00,2021-05-09,2021-05-07,세종권역,11:00,경보,PM10
510,1770,세종,2021-05-07,204,15:00,2021-05-07,2021-05-07,세종권역,18:00,주의보,PM10
84,3452,세종,2021-05-24,201,20:00,2021-05-25,2021-05-24,세종권역,14:00,주의보,PM10
34,3515,세종,2021-11-20,76,16:00,2021-11-22,2021-11-20,세종권역,2:00,주의보,PM25
99,3519,세종,2021-11-21,153,3:00,2021-11-21,2021-11-21,세종권역,19:00,주의보,PM10
28,3542,세종,2021-12-16,77,21:00,2021-12-17,2021-12-16,세종권역,4:00,주의보,PM25
92,174,울산,2021-03-23,217,14:00,2021-03-23,2021-03-23,울산권역,21:00,주의보,PM10
24,322,울산,2021-03-29,96,7:00,2021-03-30,2021-03-29,울산권역,4:00,주의보,PM25
418,323,울산,2021-03-29,421,7:00,2021-03-29,2021-03-29,울산권역,8:00,주의보,PM10
145,372,울산,2021-03-29,418,8:00,2021-03-30,2021-03-29,울산권역,5:00,경보,PM10
90,1431,울산,2021-03-30,145,5:00,2021-03-30,2021-03-30,울산권역,14:00,주의보,PM10
68,1725,울산,2021-04-17,209,18:00,2021-04-17,2021-04-17,울산권역,21:00,주의보,PM10
90,2119,울산,2021-05-07,171,0:00,2021-05-09,2021-05-08,울산권역,8:00,주의보,PM10
81,4,인천,2021-01-13,178,22:00,2021-01-14,2021-01-13,강화권역,1:00,주의보,PM10
87,7,인천,2021-01-14,166,0:00,2021-01-14,2021-01-14,서부권역,2:00,주의보,PM10
91,8,인천,2021-01-14,159,0:00,2021-01-14,2021-01-14,동남부권역,2:00,주의보,PM10
26,102,인천,2021-02-12,78,12:00,2021-02-15,2021-02-12,서부권역,7:00,주의보,PM25
34,103,인천,2021-02-12,87,20:00,2021-02-15,2021-02-12,강화권역,6:00,주의보,PM25
32,101,인천,2021-02-12,83,11:00,2021-02-13,2021-02-12,영종·영흥권역,6:00,주의보,PM25
26,100,인천,2021-02-12,80,11:00,2021-02-15,2021-02-12,동남부권역,7:00,주의보,PM25
32,109,인천,2021-02-14,81,12:00,2021-02-15,2021-02-14,영종·영흥권역,5:00,주의보,PM25
31,111,인천,2021-03-10,77,18:00,2021-03-12,2021-03-10,강화권역,16:00,주의보,PM25
26,110,인천,2021-03-10,80,18:00,2021-03-12,2021-03-10,서부권역,17:00,주의보,PM25
34,116,인천,2021-03-10,84,20:00,2021-03-12,2021-03-10,동남부권역,16:00,주의보,PM25
89,130,인천,2021-03-11,154,13:00,2021-03-11,2021-03-11,서부권역,17:00,주의보,PM10
25,125,인천,2021-03-11,75,3:00,2021-03-12,2021-03-11,영종·영흥권역,18:00,주의보,PM25
30,131,인천,2021-03-14,82,11:00,2021-03-16,2021-03-14,서부권역,0:00,주의보,PM25
97,141,인천,2021-03-16,187,11:00,2021-03-16,2021-03-16,서부권역,18:00,주의보,PM10
99,138,인천,2021-03-16,174,10:00,2021-03-16,2021-03-16,강화권역,16:00,주의보,PM10
94,142,인천,2021-03-16,184,11:00,2021-03-16,2021-03-16,영종·영흥권역,18:00,주의보,PM10
93,140,인천,2021-03-16,177,11:00,2021-03-16,2021-03-16,동남부권역,18:00,주의보,PM10
29,182,인천,2021-03-26,86,10:00,2021-03-27,2021-03-26,동남부권역,12:00,주의보,PM25
32,183,인천,2021-03-26,84,10:00,2021-03-27,2021-03-26,서부권역,13:00,주의보,PM25
27,190,인천,2021-03-26,96,22:00,2021-03-27,2021-03-26,강화권역,15:00,주의보,PM25
34,186,인천,2021-03-26,83,12:00,2021-03-27,2021-03-26,영종·영흥권역,12:00,주의보,PM25
97,188,인천,2021-03-26,159,14:00,2021-03-27,2021-03-26,서부권역,3:00,주의보,PM10
149,227,인천,2021-03-29,480,5:00,2021-03-30,2021-03-29,동남부권역,11:00,경보,PM10
454,191,인천,2021-03-29,293,3:00,2021-03-29,2021-03-29,서부권역,5:00,주의보,PM10
480,192,인천,2021-03-29,286,3:00,2021-03-29,2021-03-29,동남부권역,5:00,주의보,PM10
28,303,인천,2021-03-29,92,6:00,2021-03-30,2021-03-29,서부권역,11:00,주의보,PM25
33,304,인천,2021-03-29,92,6:00,2021-03-30,2021-03-29,영종·영흥권역,3:00,주의보,PM25
32,1105,인천,2021-03-29,82,21:00,2021-03-30,2021-03-29,강화권역,2:00,주의보,PM25
144,223,인천,2021-03-29,454,5:00,2021-03-30,2021-03-29,서부권역,10:00,경보,PM10
144,413,인천,2021-03-29,419,9:00,2021-03-30,2021-03-29,강화권역,2:00,경보,PM10
392,198,인천,2021-03-29,338,4:00,2021-03-29,2021-03-29,영종·영흥권역,5:00,주의보,PM10
28,240,인천,2021-03-29,102,5:00,2021-03-30,2021-03-29,동남부권역,12:00,주의보,PM25
130,225,인천,2021-03-29,392,5:00,2021-03-30,2021-03-29,영종·영흥권역,5:00,경보,PM10
419,200,인천,2021-03-29,259,4:00,2021-03-29,2021-03-29,강화권역,9:00,주의보,PM10
90,1432,인천,2021-03-30,130,5:00,2021-03-30,2021-03-30,영종·영흥권역,7:00,주의보,PM10
95,1594,인천,2021-03-30,149,11:00,2021-03-30,2021-03-30,동남부권역,12:00,주의보,PM10
83,1595,인천,2021-03-30,144,10:00,2021-03-30,2021-03-30,서부권역,12:00,주의보,PM10
85,1396,인천,2021-03-30,144,2:00,2021-03-30,2021-03-30,강화권역,4:00,주의보,PM10
93,1664,인천,2021-04-16,207,17:00,2021-04-17,2021-04-16,서부권역,4:00,주의보,PM10
98,1663,인천,2021-04-16,225,17:00,2021-04-17,2021-04-16,동남부권역,8:00,주의보,PM10
84,1661,인천,2021-04-16,263,16:00,2021-04-16,2021-04-16,강화권역,18:00,주의보,PM10
99,1666,인천,2021-04-16,151,17:00,2021-04-17,2021-04-16,영종·영흥권역,2:00,주의보,PM10
85,1698,인천,2021-04-17,150,13:00,2021-04-17,2021-04-17,영종·영흥권역,15:00,주의보,PM10
97,1684,인천,2021-04-17,157,12:00,2021-04-17,2021-04-17,서부권역,15:00,주의보,PM10
120,1759,인천,2021-05-07,609,14:00,2021-05-09,2021-05-07,서부권역,0:00,경보,PM10
29,1757,인천,2021-05-07,102,14:00,2021-05-08,2021-05-07,강화권역,15:00,주의보,PM25
126,1739,인천,2021-05-07,567,13:00,2021-05-08,2021-05-07,영종·영흥권역,23:00,경보,PM10
127,1758,인천,2021-05-07,620,14:00,2021-05-09,2021-05-07,동남부권역,0:00,경보,PM10
609,1738,인천,2021-05-07,486,13:00,2021-05-07,2021-05-07,서부권역,14:00,주의보,PM10
110,1760,인천,2021-05-07,528,14:00,2021-05-08,2021-05-07,강화권역,23:00,경보,PM10
620,1737,인천,2021-05-07,497,13:00,2021-05-07,2021-05-07,동남부권역,14:00,주의보,PM10
528,1740,인천,2021-05-07,490,13:00,2021-05-07,2021-05-07,강화권역,14:00,주의보,PM10
152,1741,인천,2021-05-07,109,13:00,2021-05-07,2021-05-07,영종·영흥권역,22:00,주의보,PM25
68,2016,인천,2021-05-07,152,22:00,2021-05-08,2021-05-07,영종·영흥권역,4:00,경보,PM25
26,1756,인천,2021-05-07,123,14:00,2021-05-09,2021-05-07,서부권역,0:00,주의보,PM25
25,1755,인천,2021-05-07,123,14:00,2021-05-09,2021-05-07,동남부권역,0:00,주의보,PM25
90,3228,인천,2021-05-08,126,23:00,2021-05-09,2021-05-08,영종·영흥권역,0:00,주의보,PM10
55,3229,인천,2021-05-08,110,23:00,2021-05-09,2021-05-08,강화권역,0:00,주의보,PM10
34,2352,인천,2021-05-08,68,4:00,2021-05-08,2021-05-08,영종·영흥권역,15:00,주의보,PM25
80,3267,인천,2021-05-08,127,0:00,2021-05-09,2021-05-09,동남부권역,1:00,주의보,PM10
65,3268,인천,2021-05-08,120,0:00,2021-05-09,2021-05-09,서부권역,1:00,주의보,PM10
92,3446,인천,2021-05-24,199,17:00,2021-05-25,2021-05-24,동남부권역,8:00,주의보,PM10
96,3447,인천,2021-05-24,205,17:00,2021-05-25,2021-05-24,서부권역,8:00,주의보,PM10
85,3441,인천,2021-05-24,234,16:00,2021-05-25,2021-05-24,강화권역,7:00,주의보,PM10
95,3448,인천,2021-05-24,201,17:00,2021-05-25,2021-05-24,영종·영흥권역,8:00,주의보,PM10
19,3492,인천,2021-11-19,96,18:00,2021-11-21,2021-11-19,영종·영흥권역,22:00,주의보,PM25
10,3491,인천,2021-11-19,89,18:00,2021-11-21,2021-11-19,서부권역,23:00,주의보,PM25
27,3496,인천,2021-11-19,94,19:00,2021-11-21,2021-11-19,동남부권역,23:00,주의보,PM25
41,3502,인천,2021-11-19,154,21:00,2021-11-21,2021-11-19,동남부권역,23:00,주의보,PM10
76,3498,인천,2021-11-19,154,20:00,2021-11-21,2021-11-19,서부권역,22:00,주의보,PM10
13,3489,인천,2021-11-19,90,17:00,2021-11-21,2021-11-19,강화권역,22:00,주의보,PM25
68,3514,인천,2021-11-20,164,15:00,2021-11-21,2021-11-20,강화권역,21:00,주의보,PM10
97,3509,인천,2021-11-20,157,13:00,2021-11-20,2021-11-20,영종·영흥권역,20:00,주의보,PM10
95,3520,인천,2021-11-21,162,8:00,2021-11-21,2021-11-21,영종·영흥권역,21:00,주의보,PM10
25,3525,인천,2021-12-15,83,15:00,2021-12-17,2021-12-15,강화권역,1:00,주의보,PM25
24,3529,인천,2021-12-15,82,16:00,2021-12-17,2021-12-15,서부권역,1:00,주의보,PM25
30,3528,인천,2021-12-15,77,16:00,2021-12-17,2021-12-15,동남부권역,1:00,주의보,PM25
22,3526,인천,2021-12-15,81,15:00,2021-12-17,2021-12-15,영종·영흥권역,1:00,주의보,PM25
29,58,전남,2021-02-01,84,22:00,2021-02-02,2021-02-01,서부권역,2:00,주의보,PM25
28,94,전남,2021-02-07,76,13:00,2021-02-07,2021-02-07,서부권역,22:00,주의보,PM25
70,151,전남,2021-03-16,224,13:00,2021-03-16,2021-03-16,동부권역,16:00,주의보,PM10
33,410,전남,2021-03-29,107,9:00,2021-03-30,2021-03-29,동부권역,1:00,주의보,PM25
545,320,전남,2021-03-29,298,7:00,2021-03-29,2021-03-29,동부권역,9:00,주의보,PM10
145,411,전남,2021-03-29,545,9:00,2021-03-30,2021-03-29,동부권역,15:00,경보,PM10
115,409,전남,2021-03-29,488,9:00,2021-03-30,2021-03-29,서부권역,18:00,경보,PM10
31,546,전남,2021-03-29,109,11:00,2021-03-30,2021-03-29,서부권역,14:00,주의보,PM25
463,321,전남,2021-03-29,252,7:00,2021-03-29,2021-03-29,서부권역,9:00,주의보,PM10
74,1691,전남,2021-04-17,178,13:00,2021-04-17,2021-04-17,서부권역,16:00,주의보,PM10
80,1713,전남,2021-04-17,159,15:00,2021-04-17,2021-04-17,동부권역,17:00,주의보,PM10
138,2159,전남,2021-05-08,359,22:00,2021-05-09,2021-05-07,동부권역,7:00,경보,PM10
34,1852,전남,2021-05-07,100,18:00,2021-05-09,2021-05-07,서부권역,6:00,주의보,PM25
33,2067,전남,2021-05-07,79,23:00,2021-05-09,2021-05-07,동부권역,7:00,주의보,PM25
431,1817,전남,2021-05-07,313,17:00,2021-05-07,2021-05-07,서부권역,18:00,주의보,PM10
359,1930,전남,2021-05-07,266,20:00,2021-05-07,2021-05-07,동부권역,22:00,주의보,PM10
140,1853,전남,2021-05-07,431,18:00,2021-05-09,2021-05-07,서부권역,6:00,경보,PM10
92,3434,전남,2021-05-09,138,7:00,2021-05-09,2021-05-09,동부권역,11:00,주의보,PM10
77,3411,전남,2021-05-09,140,6:00,2021-05-09,2021-05-09,서부권역,11:00,주의보,PM10
89,3462,전남,2021-05-24,177,22:00,2021-05-25,2021-05-24,서부권역,12:00,주의보,PM10
76,3482,전남,2021-05-25,157,11:00,2021-05-25,2021-05-25,동부권역,14:00,주의보,PM10
33,12,전북,2021-01-15,80,21:00,2021-01-16,2021-01-15,중부권역,10:00,주의보,PM25
34,14,전북,2021-01-15,77,23:00,2021-01-16,2021-01-15,동부권역,11:00,주의보,PM25
96,27,전북,2021-01-30,151,20:00,2021-01-31,2021-01-30,서부권역,5:00,주의보,PM10
26,41,전북,2021-02-01,90,18:00,2021-02-02,2021-02-01,동부권역,4:00,주의보,PM25
27,29,전북,2021-02-01,102,15:00,2021-02-02,2021-02-01,서부권역,2:00,주의보,PM25
96,55,전북,2021-02-01,152,21:00,2021-02-02,2021-02-01,동부권역,2:00,주의보,PM10
31,31,전북,2021-02-01,95,16:00,2021-02-02,2021-02-01,중부권역,3:00,주의보,PM25
80,40,전북,2021-02-01,154,18:00,2021-02-02,2021-02-01,서부권역,1:00,주의보,PM10
85,42,전북,2021-02-01,161,18:00,2021-02-02,2021-02-01,중부권역,2:00,주의보,PM10
34,91,전북,2021-02-07,88,12:00,2021-02-07,2021-02-07,서부권역,20:00,주의보,PM25
34,95,전북,2021-02-07,92,13:00,2021-02-07,2021-02-07,중부권역,22:00,주의보,PM25
33,108,전북,2021-02-13,75,23:00,2021-02-15,2021-02-13,서부권역,8:00,주의보,PM25
28,107,전북,2021-02-13,77,22:00,2021-02-14,2021-02-13,중부권역,14:00,주의보,PM25
31,119,전북,2021-03-10,80,23:00,2021-03-12,2021-03-10,중부권역,10:00,주의보,PM25
27,122,전북,2021-03-11,76,5:00,2021-03-12,2021-03-11,서부권역,11:00,주의보,PM25
60,149,전북,2021-03-16,163,12:00,2021-03-16,2021-03-16,동부권역,14:00,주의보,PM10
98,162,전북,2021-03-16,163,16:00,2021-03-16,2021-03-16,서부권역,21:00,주의보,PM10
96,271,전북,2021-03-29,378,6:00,2021-03-30,2021-03-29,중부권역,13:00,경보,PM10
32,270,전북,2021-03-29,83,6:00,2021-03-30,2021-03-29,중부권역,12:00,주의보,PM25
27,268,전북,2021-03-29,99,6:00,2021-03-30,2021-03-29,동부권역,11:00,주의보,PM25
119,326,전북,2021-03-29,453,7:00,2021-03-30,2021-03-29,서부권역,13:00,경보,PM10
34,269,전북,2021-03-29,87,6:00,2021-03-30,2021-03-29,서부권역,12:00,주의보,PM25
335,215,전북,2021-03-29,300,5:00,2021-03-29,2021-03-29,중부권역,6:00,주의보,PM10
353,216,전북,2021-03-29,276,5:00,2021-03-29,2021-03-29,서부권역,7:00,주의보,PM10
477,272,전북,2021-03-29,299,5:00,2021-03-29,2021-03-29,동부권역,7:00,주의보,PM10
112,406,전북,2021-03-29,621,7:00,2021-03-30,2021-03-29,동부권역,12:00,경보,PM10
96,1658,전북,2021-03-30,112,12:00,2021-03-30,2021-03-30,동부권역,13:00,주의보,PM10
99,1630,전북,2021-03-30,119,13:00,2021-03-30,2021-03-30,서부권역,14:00,주의보,PM10
73,1709,전북,2021-04-17,238,14:00,2021-04-17,2021-04-17,중부권역,17:00,주의보,PM10
92,1697,전북,2021-04-17,188,13:00,2021-04-17,2021-04-17,서부권역,16:00,주의보,PM10
74,1708,전북,2021-04-17,232,14:00,2021-04-17,2021-04-17,동부권역,17:00,주의보,PM10
99,1732,전북,2021-04-28,179,15:00,2021-04-29,2021-04-28,중부권역,4:00,주의보,PM10
95,1731,전북,2021-04-28,170,15:00,2021-04-29,2021-04-28,동부권역,2:00,주의보,PM10
178,1797,전북,2021-05-07,142,16:00,2021-05-07,2021-05-07,서부권역,20:00,주의보,PM25
544,1775,전북,2021-05-07,442,15:00,2021-05-07,2021-05-07,서부권역,16:00,주의보,PM10
138,1890,전북,2021-05-07,404,19:00,2021-05-09,2021-05-07,동부권역,6:00,경보,PM10
178,1820,전북,2021-05-07,140,17:00,2021-05-07,2021-05-07,중부권역,22:00,주의보,PM25
62,2017,전북,2021-05-07,178,22:00,2021-05-08,2021-05-07,중부권역,13:00,경보,PM25
33,1889,전북,2021-05-07,118,19:00,2021-05-09,2021-05-07,동부권역,8:00,주의보,PM25
114,1821,전북,2021-05-07,494,17:00,2021-05-09,2021-05-07,중부권역,11:00,경보,PM10
133,1798,전북,2021-05-07,544,16:00,2021-05-09,2021-05-07,서부권역,6:00,경보,PM10
494,1796,전북,2021-05-07,358,16:00,2021-05-07,2021-05-07,중부권역,17:00,주의보,PM10
404,1819,전북,2021-05-07,297,17:00,2021-05-07,2021-05-07,동부권역,19:00,주의보,PM10
65,1931,전북,2021-05-07,178,20:00,2021-05-08,2021-05-07,서부권역,15:00,경보,PM25
31,2807,전북,2021-05-08,62,13:00,2021-05-09,2021-05-08,중부권역,11:00,주의보,PM25
34,2904,전북,2021-05-08,65,15:00,2021-05-09,2021-05-08,서부권역,6:00,주의보,PM25
71,3438,전북,2021-05-09,114,11:00,2021-05-09,2021-05-09,중부권역,12:00,주의보,PM10
85,3413,전북,2021-05-09,138,6:00,2021-05-09,2021-05-09,동부권역,8:00,주의보,PM10
91,3412,전북,2021-05-09,133,6:00,2021-05-09,2021-05-09,서부권역,11:00,주의보,PM10
82,3457,전북,2021-05-24,256,21:00,2021-05-25,2021-05-24,중부권역,14:00,주의보,PM10
87,3454,전북,2021-05-24,244,20:00,2021-05-25,2021-05-24,서부권역,14:00,주의보,PM10
13,3511,전북,2021-11-20,83,15:00,2021-11-22,2021-11-20,중부권역,3:00,주의보,PM25
26,3512,전북,2021-11-20,88,15:00,2021-11-22,2021-11-20,서부권역,2:00,주의보,PM25
23,3524,전북,2021-12-08,78,12:00,2021-12-08,2021-12-08,서부권역,15:00,주의보,PM25
33,3536,전북,2021-12-15,80,21:00,2021-12-17,2021-12-15,중부권역,5:00,주의보,PM25
30,65,제주,2021-02-02,84,1:00,2021-02-02,2021-02-02,제주권역,4:00,주의보,PM25
29,93,제주,2021-02-07,77,12:00,2021-02-08,2021-02-07,제주권역,0:00,주의보,PM25
140,612,제주,2021-03-29,780,12:00,2021-03-31,2021-03-29,제주권역,0:00,경보,PM10
780,467,제주,2021-03-29,267,10:00,2021-03-29,2021-03-29,제주권역,12:00,주의보,PM10
156,545,제주,2021-03-29,138,11:00,2021-03-29,2021-03-29,제주권역,13:00,주의보,PM25
62,613,제주,2021-03-29,156,13:00,2021-03-30,2021-03-29,제주권역,13:00,경보,PM25
32,1632,제주,2021-03-30,62,13:00,2021-03-31,2021-03-30,제주권역,0:00,주의보,PM25
93,1657,제주,2021-03-30,140,0:00,2021-03-31,2021-03-31,제주권역,12:00,주의보,PM10
67,1682,제주,2021-04-17,265,12:00,2021-04-17,2021-04-17,제주권역,17:00,주의보,PM10
334,1923,제주,2021-05-07,287,20:00,2021-05-07,2021-05-07,제주권역,22:00,주의보,PM10
31,2295,제주,2021-05-07,76,23:00,2021-05-09,2021-05-07,제주권역,10:00,주의보,PM25
137,2012,제주,2021-05-07,334,22:00,2021-05-08,2021-05-07,제주권역,19:00,경보,PM10
77,3068,제주,2021-05-08,137,19:00,2021-05-08,2021-05-08,제주권역,22:00,주의보,PM10
74,3407,제주,2021-05-09,190,6:00,2021-05-09,2021-05-09,제주권역,11:00,주의보,PM10
97,9,충남,2021-01-14,173,2:00,2021-01-14,2021-01-14,북부권역,9:00,주의보,PM10
30,33,충남,2021-02-01,92,17:00,2021-02-02,2021-02-01,동남부권역,2:00,주의보,PM25
87,39,충남,2021-02-01,155,18:00,2021-02-02,2021-02-01,동남부권역,1:00,주의보,PM10
33,38,충남,2021-02-01,94,18:00,2021-02-02,2021-02-01,북부권역,2:00,주의보,PM25
27,28,충남,2021-02-01,90,15:00,2021-02-02,2021-02-01,서부권역,1:00,주의보,PM25
30,78,충남,2021-02-07,78,3:00,2021-02-07,2021-02-07,서부권역,18:00,주의보,PM25
27,77,충남,2021-02-07,76,3:00,2021-02-07,2021-02-07,북부권역,19:00,주의보,PM25
29,98,충남,2021-02-11,80,23:00,2021-02-15,2021-02-11,북부권역,10:00,주의보,PM25
31,99,충남,2021-02-12,76,9:00,2021-02-15,2021-02-12,서부권역,8:00,주의보,PM25
34,114,충남,2021-03-10,84,20:00,2021-03-13,2021-03-10,서부권역,6:00,주의보,PM25
34,117,충남,2021-03-10,96,21:00,2021-03-13,2021-03-10,북부권역,1:00,주의보,PM25
24,129,충남,2021-03-11,86,11:00,2021-03-12,2021-03-11,동남부권역,11:00,주의보,PM25
98,127,충남,2021-03-11,162,10:00,2021-03-11,2021-03-11,북부권역,13:00,주의보,PM10
30,133,충남,2021-03-14,76,14:00,2021-03-15,2021-03-14,북부권역,18:00,주의보,PM25
99,148,충남,2021-03-16,162,12:00,2021-03-16,2021-03-16,서부권역,20:00,주의보,PM10
96,147,충남,2021-03-16,181,12:00,2021-03-17,2021-03-16,북부권역,7:00,주의보,PM10
31,187,충남,2021-03-26,81,12:00,2021-03-27,2021-03-26,북부권역,12:00,주의보,PM25
137,211,충남,2021-03-29,588,5:00,2021-03-30,2021-03-29,서부권역,11:00,경보,PM10
361,193,충남,2021-03-29,378,4:00,2021-03-29,2021-03-29,북부권역,5:00,주의보,PM10
123,214,충남,2021-03-29,542,5:00,2021-03-30,2021-03-29,북부권역,13:00,경보,PM10
32,258,충남,2021-03-29,94,6:00,2021-03-29,2021-03-29,동남부권역,17:00,주의보,PM25
96,259,충남,2021-03-29,560,6:00,2021-03-30,2021-03-29,동남부권역,12:00,경보,PM10
353,194,충남,2021-03-29,338,4:00,2021-03-29,2021-03-29,서부권역,5:00,주의보,PM10
422,210,충남,2021-03-29,460,5:00,2021-03-29,2021-03-29,동남부권역,6:00,주의보,PM10
29,213,충남,2021-03-29,94,5:00,2021-03-30,2021-03-29,서부권역,11:00,주의보,PM25
30,212,충남,2021-03-29,109,5:00,2021-03-29,2021-03-29,북부권역,16:00,주의보,PM25
30,1275,충남,2021-03-30,87,1:00,2021-03-30,2021-03-30,북부권역,13:00,주의보,PM25
86,1631,충남,2021-03-30,123,13:00,2021-03-30,2021-03-30,북부권역,18:00,주의보,PM10
86,1596,충남,2021-03-30,137,11:00,2021-03-30,2021-03-30,서부권역,12:00,주의보,PM10
88,1693,충남,2021-04-17,191,13:00,2021-04-17,2021-04-17,북부권역,17:00,주의보,PM10
74,1694,충남,2021-04-17,181,13:00,2021-04-17,2021-04-17,서부권역,16:00,주의보,PM10
88,1692,충남,2021-04-17,213,13:00,2021-04-17,2021-04-17,동남부권역,16:00,주의보,PM10
528,1742,충남,2021-05-07,371,13:00,2021-05-07,2021-05-07,서부권역,14:00,주의보,PM10
73,1888,충남,2021-05-07,169,19:00,2021-05-08,2021-05-07,북부권역,16:00,경보,PM25
539,1751,충남,2021-05-07,252,14:00,2021-05-07,2021-05-07,북부권역,16:00,주의보,PM10
169,1793,충남,2021-05-07,129,16:00,2021-05-07,2021-05-07,북부권역,19:00,주의보,PM25
491,1774,충남,2021-05-07,238,15:00,2021-05-07,2021-05-07,동남부권역,17:00,주의보,PM10
145,1749,충남,2021-05-07,528,14:00,2021-05-09,2021-05-07,서부권역,3:00,경보,PM10
33,1818,충남,2021-05-07,103,17:00,2021-05-09,2021-05-07,동남부권역,5:00,주의보,PM25
149,1794,충남,2021-05-07,539,16:00,2021-05-09,2021-05-07,북부권역,3:00,경보,PM10
138,1830,충남,2021-05-07,491,17:00,2021-05-09,2021-05-07,동남부권역,6:00,경보,PM10
155,1750,충남,2021-05-07,112,14:00,2021-05-07,2021-05-07,서부권역,17:00,주의보,PM25
70,1840,충남,2021-05-07,155,17:00,2021-05-08,2021-05-07,서부권역,13:00,경보,PM25
32,2945,충남,2021-05-08,73,16:00,2021-05-09,2021-05-08,북부권역,4:00,주의보,PM25
34,2808,충남,2021-05-08,70,13:00,2021-05-09,2021-05-08,서부권역,1:00,주의보,PM25
94,3332,충남,2021-05-09,149,3:00,2021-05-09,2021-05-09,북부권역,6:00,주의보,PM10
98,3387,충남,2021-05-09,145,3:00,2021-05-09,2021-05-09,서부권역,6:00,주의보,PM10
88,3414,충남,2021-05-09,138,6:00,2021-05-09,2021-05-09,동남부권역,12:00,주의보,PM10
78,3450,충남,2021-05-24,255,18:00,2021-05-25,2021-05-24,북부권역,13:00,주의보,PM10
76,3453,충남,2021-05-24,215,20:00,2021-05-25,2021-05-24,동남부권역,14:00,주의보,PM10
97,3445,충남,2021-05-24,209,17:00,2021-05-25,2021-05-24,서부권역,13:00,주의보,PM10
34,3501,충남,2021-11-19,92,21:00,2021-11-22,2021-11-19,북부권역,1:00,주의보,PM25
96,3513,충남,2021-11-20,162,15:00,2021-11-22,2021-11-20,북부권역,0:00,주의보,PM10
12,3516,충남,2021-11-20,80,20:00,2021-11-22,2021-11-20,동남부권역,3:00,주의보,PM25
89,3505,충남,2021-11-19,156,0:00,2021-11-20,2021-11-20,북부권역,6:00,주의보,PM10
34,3523,충남,2021-11-21,75,13:00,2021-11-22,2021-11-21,서부권역,0:00,주의보,PM25
31,3533,충남,2021-12-15,85,17:00,2021-12-17,2021-12-15,서부권역,3:00,주의보,PM25
33,3540,충남,2021-12-16,78,14:00,2021-12-17,2021-12-16,북부권역,4:00,주의보,PM25
34,3539,충남,2021-12-16,82,13:00,2021-12-17,2021-12-16,동남부권역,4:00,주의보,PM25
95,10,충북,2021-01-14,150,5:00,2021-01-14,2021-01-14,중부권역,15:00,주의보,PM10
31,46,충북,2021-02-01,105,19:00,2021-02-02,2021-02-01,남부권역,3:00,주의보,PM25
29,52,충북,2021-02-01,94,21:00,2021-02-02,2021-02-01,북부권역,3:00,주의보,PM25
27,45,충북,2021-02-01,97,19:00,2021-02-02,2021-02-01,중부권역,2:00,주의보,PM25
89,56,충북,2021-02-01,155,22:00,2021-02-02,2021-02-01,중부권역,1:00,주의보,PM10
86,51,충북,2021-02-01,153,21:00,2021-02-02,2021-02-01,남부권역,2:00,주의보,PM10
28,85,충북,2021-02-07,80,11:00,2021-02-07,2021-02-07,남부권역,21:00,주의보,PM25
33,88,충북,2021-02-07,89,12:00,2021-02-07,2021-02-07,북부권역,18:00,주의보,PM25
34,89,충북,2021-02-07,94,12:00,2021-02-07,2021-02-07,중부권역,18:00,주의보,PM25
99,167,충북,2021-03-16,165,18:00,2021-03-17,2021-03-16,중부권역,0:00,주의보,PM10
467,206,충북,2021-03-29,361,5:00,2021-03-29,2021-03-29,중부권역,6:00,주의보,PM10
148,247,충북,2021-03-29,467,6:00,2021-03-29,2021-03-29,중부권역,19:00,경보,PM10
358,984,충북,2021-03-29,148,19:00,2021-03-30,2021-03-29,중부권역,4:00,주의보,PM10
144,249,충북,2021-03-29,607,6:00,2021-03-30,2021-03-29,남부권역,0:00,경보,PM10
33,318,충북,2021-03-29,109,7:00,2021-03-29,2021-03-29,중부권역,15:00,주의보,PM25
26,252,충북,2021-03-29,105,6:00,2021-03-29,2021-03-29,남부권역,20:00,주의보,PM25
31,315,충북,2021-03-29,97,7:00,2021-03-29,2021-03-29,북부권역,16:00,주의보,PM25
607,207,충북,2021-03-29,434,5:00,2021-03-29,2021-03-29,남부권역,6:00,주의보,PM10
494,201,충북,2021-03-29,388,5:00,2021-03-29,2021-03-29,북부권역,6:00,주의보,PM10
98,983,충북,2021-03-29,148,19:00,2021-03-30,2021-03-29,북부권역,13:00,주의보,PM10
148,243,충북,2021-03-29,494,6:00,2021-03-29,2021-03-29,북부권역,19:00,경보,PM10
92,1613,충북,2021-03-30,128,12:00,2021-03-30,2021-03-30,중부권역,13:00,주의보,PM10
128,1394,충북,2021-03-30,358,4:00,2021-03-30,2021-03-30,중부권역,12:00,경보,PM10
86,1270,충북,2021-03-29,144,0:00,2021-03-30,2021-03-30,남부권역,12:00,주의보,PM10
52,1701,충북,2021-04-17,236,14:00,2021-04-17,2021-04-17,북부권역,18:00,주의보,PM10
80,1702,충북,2021-04-17,262,14:00,2021-04-17,2021-04-17,중부권역,17:00,주의보,PM10
99,1705,충북,2021-04-17,240,14:00,2021-04-17,2021-04-17,남부권역,17:00,주의보,PM10
97,1727,충북,2021-04-28,173,13:00,2021-04-28,2021-04-28,남부권역,22:00,주의보,PM10
135,1924,충북,2021-05-07,451,20:00,2021-05-09,2021-05-07,남부권역,7:00,경보,PM10
144,1848,충북,2021-05-07,435,18:00,2021-05-09,2021-05-07,중부권역,5:00,경보,PM10
429,1815,충북,2021-05-07,211,17:00,2021-05-07,2021-05-07,북부권역,19:00,주의보,PM10
33,1885,충북,2021-05-07,92,19:00,2021-05-09,2021-05-07,북부권역,6:00,주의보,PM25
435,1792,충북,2021-05-07,210,16:00,2021-05-07,2021-05-07,중부권역,18:00,주의보,PM10
451,1816,충북,2021-05-07,225,17:00,2021-05-07,2021-05-07,남부권역,20:00,주의보,PM10
150,1850,충북,2021-05-07,108,18:00,2021-05-08,2021-05-07,중부권역,2:00,주의보,PM25
164,1887,충북,2021-05-07,115,19:00,2021-05-08,2021-05-07,남부권역,2:00,주의보,PM25
137,1883,충북,2021-05-07,429,19:00,2021-05-09,2021-05-07,북부권역,5:00,경보,PM10
32,2801,충북,2021-05-08,65,13:00,2021-05-09,2021-05-08,남부권역,10:00,주의보,PM25
33,2859,충북,2021-05-08,71,14:00,2021-05-09,2021-05-08,중부권역,7:00,주의보,PM25
71,2181,충북,2021-05-08,150,2:00,2021-05-08,2021-05-08,중부권역,14:00,경보,PM25
65,2182,충북,2021-05-08,164,2:00,2021-05-08,2021-05-08,남부권역,13:00,경보,PM25
98,3383,충북,2021-05-09,137,5:00,2021-05-09,2021-05-09,북부권역,8:00,주의보,PM10
78,3384,충북,2021-05-09,144,5:00,2021-05-09,2021-05-09,중부권역,11:00,주의보,PM10
94,3422,충북,2021-05-09,135,7:00,2021-05-09,2021-05-09,남부권역,10:00,주의보,PM10
65,3451,충북,2021-05-24,188,19:00,2021-05-25,2021-05-24,중부권역,14:00,주의보,PM10
87,3461,충북,2021-05-24,178,22:00,2021-05-25,2021-05-24,북부권역,14:00,주의보,PM10
12,3507,충북,2021-11-20,81,12:00,2021-11-22,2021-11-20,중부권역,3:00,주의보,PM25
99,3510,충북,2021-11-20,156,13:00,2021-11-20,2021-11-20,북부권역,16:00,주의보,PM10
29,3506,충북,2021-11-20,89,11:00,2021-11-22,2021-11-20,북부권역,3:00,주의보,PM25
6,3517,충북,2021-11-20,81,21:00,2021-11-22,2021-11-20,남부권역,4:00,주의보,PM25
